SampleName,Marker,Allele1,Allele2
Suspect1,AMEL,X,Y
Suspect1,D3S1358,14,16
Suspect1,VWA,16,16
Suspect1,D16S539,12,13
Suspect1,D2S1338,20,25
Suspect1,D8S1179,10,11
Suspect1,D21S11,30,33.2
Suspect1,D18S51,10,17
Suspect1,D19S433,14,15
Suspect1,TH01,8,8
Suspect1,FGA,20,21
Suspect2,AMEL,X,Y
Suspect2,D3S1358,16,17
Suspect2,VWA,16,16
Suspect2,D16S539,12,13
Suspect2,D2S1338,25,25
Suspect2,D8S1179,13,13
Suspect2,D21S11,28,31.2
Suspect2,D18S51,12,14
Suspect2,D19S433,14,14
Suspect2,TH01,9.3,9.3
Suspect2,FGA,22,25