SampleName,Marker,Allele1,Allele2
Suspect1,AMEL,X,Y
Suspect1,D3S1358,16,17
Suspect1,VWA,16,18
Suspect1,D16S539,12,13
Suspect1,D2S1338,19,20
Suspect1,D8S1179,9,13
Suspect1,D21S11,28,32
Suspect1,D18S51,12,15
Suspect1,D19S433,12,16
Suspect1,TH01,6,9.3
Suspect1,FGA,19,21
Suspect2,AMEL,X,Y
Suspect2,D3S1358,15,17
Suspect2,VWA,18,19
Suspect2,D16S539,12,12
Suspect2,D2S1338,17,18
Suspect2,D8S1179,13,13
Suspect2,D21S11,30,30
Suspect2,D18S51,12,20
Suspect2,D19S433,12,15
Suspect2,TH01,6,9.3
Suspect2,FGA,20,21
